,index,churn,not_churn,churn_yes,predicted
0,2897,0,0.7350456271093689,0.2649543728906315,not_churn
1,6407,0,0.9131809576448533,0.08681904235514651,not_churn
2,6272,0,0.958836138402568,0.041163861597431815,not_churn
3,5638,0,0.9921184840752703,0.007881515924730208,not_churn
4,903,0,0.9415654471075672,0.058434552892432726,not_churn
5,3306,0,0.8669206574535478,0.13307934254645173,not_churn
6,1740,1,0.5594230344806959,0.44057696551930425,not_churn
7,4037,1,0.22172306323675253,0.7782769367632476,churn
8,2165,1,0.5302741745846957,0.4697258254153043,not_churn
9,58,0,0.9694587767109559,0.03054122328904402,not_churn
10,3463,1,0.36759674042254853,0.6324032595774515,churn
11,882,0,0.9297311598459561,0.07026884015404346,not_churn
12,1848,0,0.48167974256295487,0.5183202574370451,churn
13,5677,0,0.9829096359472865,0.017090364052713837,not_churn
14,5042,1,0.42800033042223595,0.571999669577764,churn
15,6617,0,0.8735518043283241,0.12644819567167587,not_churn
16,1316,0,0.6574654240237584,0.34253457597624165,not_churn
17,4810,0,0.6597555413264845,0.3402444586735156,not_churn
18,1907,1,0.4930834853260557,0.5069165146739443,churn
19,6381,0,0.9715292201261394,0.028470779873860354,not_churn
20,1602,0,0.7704218697238961,0.22957813027610346,not_churn
21,4537,1,0.28130031235274794,0.7186996876472521,churn
22,4105,0,0.3506518074219826,0.6493481925780172,churn
23,3291,0,0.8731761579762164,0.12682384202378322,not_churn
24,1789,1,0.5963803521455797,0.4036196478544204,not_churn
25,6157,0,0.9626588318796035,0.03734116812039618,not_churn
26,6922,0,0.8675991748020886,0.13240082519791138,not_churn
27,5542,0,0.9918363183243545,0.008163681675645957,not_churn
28,2980,0,0.8939993474894162,0.1060006525105837,not_churn
29,6588,1,0.8806151379017685,0.11938486209823157,not_churn
30,3622,1,0.2468497475596517,0.7531502524403484,churn
31,6949,0,0.7861148423648407,0.21388515763515872,not_churn
32,1547,0,0.7438775811019279,0.2561224188980719,not_churn
33,5298,0,0.49068877662631977,0.5093112233736804,churn
34,4339,0,0.3175313645962531,0.6824686354037465,churn
35,1542,0,0.8006949290427982,0.19930507095720124,not_churn
36,5885,0,0.9846660746582905,0.01533392534171001,not_churn
37,5202,1,0.4652827082272236,0.5347172917727765,churn
38,5072,0,0.7566360911847353,0.2433639088152644,not_churn
39,3074,0,0.77152953409918,0.22847046590082024,not_churn
40,6985,0,0.8681211924570202,0.1318788075429795,not_churn
41,3439,0,0.7377584212132459,0.2622415787867541,not_churn
42,2395,0,0.530680200854041,0.46931979914595906,not_churn
43,3925,0,0.6897052759220089,0.31029472407799086,not_churn
44,5586,0,0.984143003203421,0.01585699679657951,not_churn
45,4287,0,0.47957948360545594,0.5204205163945439,churn
46,1440,0,0.7845556926196273,0.21544430738037235,not_churn
47,4067,0,0.5336200271778817,0.4663799728221185,not_churn
48,587,0,0.966226654942831,0.03377334505716923,not_churn
49,494,0,0.9667031839311285,0.03329681606887164,not_churn
50,5128,1,0.1935438324499125,0.8064561675500873,churn
51,4434,0,0.5242047109135246,0.4757952890864752,not_churn
52,5794,0,0.9906651810362086,0.0093348189637916,not_churn
53,2970,1,0.8200601904530498,0.1799398095469503,not_churn
54,5120,0,0.3343422339195137,0.6656577660804861,churn
55,5742,0,0.9872832041878216,0.01271679581217862,not_churn
56,3131,0,0.8658520274902374,0.13414797250976218,not_churn
57,629,0,0.9492065266395602,0.050793473360439795,not_churn
58,5604,0,0.9536596089336692,0.046340391066331074,not_churn
59,4774,0,0.3035100646563807,0.6964899353436194,churn
60,5852,0,0.9818228084796542,0.018177191520346057,not_churn
61,71,0,0.9696714689030763,0.03032853109692392,not_churn
62,5045,0,0.6928700282705477,0.30712997172945233,not_churn
63,3556,1,0.3527496640219082,0.6472503359780917,churn
64,1394,0,0.5252056447898469,0.4747943552101532,not_churn
65,3112,0,0.878197502900796,0.12180249709920382,not_churn
66,6075,0,0.9901225180414523,0.009877481958547958,not_churn
67,6553,0,0.8820142155769335,0.11798578442306668,not_churn
68,1401,1,0.42640274608981465,0.5735972539101853,churn
69,6917,0,0.9128229365937216,0.0871770634062782,not_churn
70,4493,0,0.5004128724296736,0.4995871275703264,not_churn
71,6782,0,0.5968286900195872,0.4031713099804126,not_churn
72,4017,0,0.6091691887430589,0.39083081125694075,not_churn
73,6829,0,0.7806811407679288,0.21931885923207095,not_churn
74,128,0,0.9667528974815224,0.033247102518477505,not_churn
75,6409,0,0.9710986661351935,0.028901333864806596,not_churn
76,4467,0,0.6824849575363381,0.31751504246366175,not_churn
77,3800,1,0.3525859268556152,0.6474140731443846,churn
78,3424,0,0.5458309415648894,0.4541690584351106,not_churn
79,6885,0,0.8860471567070296,0.11395284329297063,not_churn
80,4787,0,0.2671838912352108,0.7328161087647891,churn
81,6369,0,0.9701389250792264,0.029861074920773275,not_churn
82,4137,0,0.6197043949670195,0.3802956050329804,not_churn
83,2143,0,0.8256835143118711,0.1743164856881287,not_churn
84,2239,0,0.8060537279640587,0.19394627203594086,not_churn
85,5088,0,0.5207743007709056,0.4792256992290945,not_churn
86,6098,0,0.9816190867718935,0.018380913228106904,not_churn
87,2898,1,0.8274996311040763,0.17250036889592377,not_churn
88,4881,0,0.5543990532784794,0.44560094672152045,not_churn
89,4371,1,0.625404310354346,0.3745956896456539,not_churn
90,1905,1,0.5631183184829698,0.43688168151703005,not_churn
91,3930,1,0.3516039658045522,0.6483960341954478,churn
92,6895,0,0.9156381385907809,0.08436186140921871,not_churn
93,4090,1,0.35640472278167,0.6435952772183299,churn
94,3776,1,0.35216619363674284,0.6478338063632569,churn
95,4117,1,0.3354112072412586,0.6645887927587413,churn
96,4503,0,0.4076801192203381,0.592319880779662,churn
97,3906,0,0.428876863486841,0.5711231365131588,churn
98,4939,1,0.29216671713696807,0.7078332828630319,churn
99,7039,0,0.9132330561496524,0.08676694385034722,not_churn
100,4049,0,0.7702610968527419,0.229738903147258,not_churn
101,3223,0,0.8799560944723335,0.12004390552766632,not_churn
102,1657,0,0.4963239189332556,0.5036760810667446,churn
103,5783,0,0.9890641792513467,0.01093582074865372,not_churn
104,6794,1,0.8981325907007145,0.10186740929928559,not_churn
105,4558,1,0.361384243690847,0.6386157563091529,churn
106,1254,1,0.6767671117932613,0.32323288820673857,not_churn
107,5973,0,0.9928292027691235,0.007170797230876913,not_churn
108,2513,0,0.9287289389145195,0.07127106108548081,not_churn
109,111,0,0.9679605248759643,0.0320394751240353,not_churn
110,2920,0,0.7539153575353247,0.24608464246467537,not_churn
111,3543,1,0.3554703386922152,0.6445296613077844,churn
112,6676,0,0.7058271590801213,0.2941728409198785,not_churn
113,3742,0,0.5560199123039617,0.44398008769603836,not_churn
114,2702,0,0.8143572326951803,0.1856427673048198,not_churn
115,3854,0,0.22412691340895297,0.7758730865910469,churn
116,5817,0,0.9873688825585962,0.012631117441403968,not_churn
117,2321,0,0.7879581430639749,0.212041856936025,not_churn
118,4294,1,0.3038242596328205,0.6961757403671794,churn
119,22,0,0.9741410189964543,0.02585898100354607,not_churn
120,957,1,0.9179748849671471,0.08202511503285292,not_churn
121,5963,0,0.9799514691665909,0.020048530833409472,not_churn
122,1399,0,0.6124923743723453,0.38750762562765473,not_churn
123,6563,0,0.7205000153011889,0.27949998469881093,not_churn
124,2580,0,0.931099133321336,0.06890086667866367,not_churn
125,932,0,0.8894388306837802,0.11056116931621957,not_churn
126,3872,1,0.48815374221784347,0.5118462577821565,churn
127,6579,1,0.8727438428322294,0.1272561571677708,not_churn
128,5430,1,0.35857450010110337,0.6414254998988964,churn
129,4193,0,0.4542626938113106,0.5457373061886893,churn
130,3582,0,0.5206074507612546,0.4793925492387452,not_churn
131,4532,1,0.5026390793683343,0.49736092063166565,not_churn
132,2030,0,0.7563432252838054,0.24365677471619418,not_churn
133,5553,0,0.9727874803785255,0.027212519621474526,not_churn
134,5379,1,0.5173262257806028,0.4826737742193972,not_churn
135,2859,1,0.9032775336873382,0.09672246631266149,not_churn
136,2794,0,0.8765604424143498,0.12343955758565012,not_churn
137,2918,0,0.7432937836767298,0.2567062163232705,not_churn
138,2056,1,0.44011706233656284,0.5598829376634371,churn
139,3329,0,0.8728672647744817,0.127132735225518,not_churn
140,5323,1,0.2167577627849926,0.7832422372150074,churn
141,779,0,0.9053836765295357,0.09461632347046392,not_churn
142,3657,1,0.29642296144574076,0.7035770385542591,churn
143,3726,0,0.1932235959392634,0.8067764040607364,churn
144,4050,0,0.49176851824727147,0.5082314817527286,churn
145,6712,0,0.9179363191237616,0.0820636808762382,not_churn
146,520,0,0.9393754961392436,0.06062450386075579,not_churn
147,2641,0,0.9367560928140519,0.06324390718594841,not_churn
148,3908,1,0.29145327419419076,0.7085467258058092,churn
149,1560,1,0.44011706233656284,0.5598829376634371,churn
150,5442,1,0.26671469116692803,0.733285308833072,churn
151,1786,1,0.48353917690675424,0.5164608230932458,churn
152,3681,1,0.26950149674177026,0.7304985032582294,churn
153,5436,0,0.6828316339374508,0.3171683660625491,not_churn
154,5051,1,0.19676572694233432,0.8032342730576656,churn
155,6662,0,0.8769270934414379,0.12307290655856223,not_churn
156,1673,1,0.7690697877468244,0.23093021225317537,not_churn
157,4930,1,0.6611734284267875,0.3388265715732123,not_churn
158,4515,0,0.6658592031261746,0.33414079687382525,not_churn
159,6080,0,0.9906651810362086,0.0093348189637916,not_churn
160,5080,0,0.6261580004435835,0.3738419995564165,not_churn
161,6784,1,0.7052997581614161,0.2947002418385838,not_churn
162,4032,0,0.6421239743765551,0.3578760256234446,not_churn
163,2375,0,0.511473217815217,0.48852678218478296,not_churn
164,7015,0,0.8793461171114454,0.12065388288855461,not_churn
165,4988,0,0.6885439371840796,0.3114560628159205,not_churn
166,5655,0,0.9818198923575429,0.018180107642457432,not_churn
167,5504,1,0.20457839944402814,0.7954216005559719,churn
168,5333,1,0.4178916223561569,0.582108377643843,churn
169,6451,0,0.9013125923682661,0.09868740763173398,not_churn
170,7033,0,0.7930518345224027,0.20694816547759706,not_churn
171,2440,0,0.8883677001049272,0.11163229989507323,not_churn
172,3210,0,0.7445937746203601,0.2554062253796403,not_churn
173,5941,0,0.9865952218783501,0.013404778121650047,not_churn
174,98,0,0.9709752054615279,0.02902479453847211,not_churn
175,1418,0,0.6458674606355469,0.35413253936445316,not_churn
176,1597,1,0.6305470673713824,0.3694529326286176,not_churn
177,72,0,0.9655655753574114,0.03443442464258895,not_churn
178,1257,1,0.49930702791961146,0.5006929720803885,churn
179,5562,0,0.9794672506552828,0.02053274934471757,not_churn
180,1226,0,0.7841744002379808,0.21582559976201895,not_churn
181,5103,0,0.5866224766822886,0.4133775233177112,not_churn
182,6426,0,0.9711618311704003,0.028838168829599175,not_churn
183,4480,0,0.23714262442076386,0.762857375579236,churn
184,727,0,0.9134836297897283,0.08651637021027136,not_churn
185,1685,1,0.5178097418558812,0.48219025814411887,not_churn
186,6549,0,0.8570026437999083,0.14299735620009182,not_churn
187,1245,0,0.7945299210223904,0.20547007897760927,not_churn
188,992,0,0.9323879703468401,0.06761202965315999,not_churn
189,2968,0,0.8617969426923934,0.13820305730760638,not_churn
190,5879,0,0.9837941583502322,0.016205841649767933,not_churn
191,6721,0,0.8351631744783752,0.16483682552162474,not_churn
192,6084,0,0.9527303800554336,0.0472696199445666,not_churn
193,5934,0,0.9474962991772286,0.05250370082277142,not_churn
194,5218,0,0.3869360734322306,0.6130639265677693,churn
195,2083,1,0.6118613326740364,0.3881386673259635,not_churn
196,6389,0,0.9728782724443381,0.027121727555661678,not_churn
197,198,0,0.9377909964633158,0.06220900353668392,not_churn
198,2111,1,0.7423949433081353,0.2576050566918647,not_churn
199,4543,1,0.4112933359391432,0.5887066640608568,churn
200,6945,0,0.8428141334621553,0.1571858665378446,not_churn
201,1760,1,0.7699827250233474,0.23001727497665211,not_churn
202,3429,1,0.3350524083207822,0.6649475916792176,churn
203,6974,0,0.8361221224556297,0.16387787754437041,not_churn
204,6968,0,0.80181106640888,0.19818893359111983,not_churn
205,206,0,0.9766864004363601,0.023313599563639903,not_churn
206,1761,0,0.6521278845741881,0.34787211542581176,not_churn
207,5376,0,0.6608936043629037,0.33910639563709644,not_churn
208,1203,1,0.5155078949758931,0.4844921050241069,not_churn
209,5996,0,0.9839895647828933,0.01601043521710708,not_churn
210,228,0,0.9767173394481139,0.023282660551886037,not_churn
211,714,0,0.9175468043130505,0.08245319568694909,not_churn
212,1832,0,0.7890821241801679,0.21091787581983185,not_churn
213,4625,1,0.2914239484127239,0.7085760515872762,churn
214,6998,0,0.8906379373130224,0.10936206268697754,not_churn
215,1623,0,0.829648729852855,0.17035127014714496,not_churn
216,372,0,0.9690978791281651,0.030902120871835012,not_churn
217,5318,0,0.34685071799324163,0.6531492820067579,churn
218,5597,0,0.9868570657654919,0.01314293423450822,not_churn
219,2192,0,0.7947184709544453,0.20528152904555408,not_churn
220,6192,0,0.9432478877715497,0.056752112228450356,not_churn
221,3459,1,0.26607824655986023,0.7339217534401395,churn
222,1230,0,0.5842972493831037,0.4157027506168962,not_churn
223,6312,0,0.9285832177636405,0.07141678223635944,not_churn
224,2657,0,0.9126455186172276,0.08735448138277235,not_churn
225,1813,0,0.7297061659751297,0.2702938340248701,not_churn
226,270,0,0.9716594277508154,0.028340572249184928,not_churn
227,2836,0,0.9080509583328794,0.09194904166712047,not_churn
228,3973,0,0.331388246959056,0.668611753040944,churn
229,1891,1,0.49736776294906776,0.5026322370509323,churn
230,975,0,0.9167257885534075,0.08327421144659215,not_churn
231,2277,0,0.8274536223004566,0.17254637769954342,not_churn
232,5528,0,0.9678934984952221,0.032106501504778145,not_churn
233,6952,0,0.7052997581614161,0.2947002418385838,not_churn
234,3091,0,0.7128497265337106,0.2871502734662898,not_churn
235,1527,0,0.794437693441577,0.20556230655842264,not_churn
236,2599,0,0.8939666347695067,0.10603336523049287,not_churn
237,6517,0,0.9832963401701114,0.016703659829888542,not_churn
238,3592,0,0.6505981932782079,0.34940180672179194,not_churn
239,2716,0,0.8777609051265955,0.12223909487340456,not_churn
240,4148,0,0.5585280612751942,0.44147193872480583,not_churn
241,352,0,0.9649328311986988,0.03506716880130144,not_churn
242,436,0,0.9498032676587691,0.05019673234123088,not_churn
243,5312,0,0.5713960675411753,0.4286039324588247,not_churn
244,6390,0,0.9536242204223231,0.046375779577676884,not_churn
245,3663,1,0.5228871276434982,0.47711287235650174,not_churn
246,3703,1,0.3409978965341661,0.6590021034658338,churn
247,6171,0,0.970628537972652,0.029371462027348007,not_churn
248,3188,0,0.8661534772296061,0.1338465227703939,not_churn
249,1712,0,0.6282417185204083,0.3717582814795919,not_churn
250,1900,1,0.6076711255043227,0.3923288744956771,not_churn
251,5046,1,0.3653273413848071,0.6346726586151928,churn
252,5104,0,0.4280005281670898,0.5719994718329103,churn
253,5547,0,0.982646195124696,0.01735380487530399,not_churn
254,986,0,0.9456564224601368,0.054343577539863006,not_churn
255,3202,0,0.8610697289135598,0.13893027108643977,not_churn
256,5421,1,0.6026505702873837,0.39734942971261594,not_churn
257,5231,1,0.30238107459492675,0.6976189254050732,churn
258,4486,0,0.6713715088269856,0.32862849117301435,not_churn
259,4409,0,0.303691785590572,0.6963082144094279,churn
260,5880,0,0.9845487662706554,0.015451233729344885,not_churn
261,548,0,0.9701380867053127,0.029861913294687063,not_churn
262,2429,0,0.9320540367324008,0.0679459632675989,not_churn
263,1516,0,0.7544324164600009,0.24556758353999927,not_churn
264,1141,1,0.9124934775474494,0.0875065224525501,not_churn
265,875,0,0.913219480910618,0.08678051908938174,not_churn
266,5724,0,0.9893165515705875,0.010683448429412995,not_churn
267,945,0,0.9410508827501007,0.058949117249898916,not_churn
268,2960,1,0.7699706941789674,0.23002930582103281,not_churn
269,8,0,0.955660209540882,0.044339790459117824,not_churn
270,2191,0,0.7755802400705845,0.2244197599294153,not_churn
271,6706,0,0.9053900829063954,0.09460991709360428,not_churn
272,919,0,0.9291834206889074,0.07081657931109225,not_churn
273,6583,1,0.6172673159527623,0.3827326840472374,not_churn
274,1450,1,0.7751906185503955,0.2248093814496043,not_churn
275,3272,1,0.8771955396098283,0.12280446039017168,not_churn
276,3052,0,0.704319022392092,0.2956809776079083,not_churn
277,2157,0,0.5003276331573115,0.49967236684268845,not_churn
278,6061,0,0.9643217510126618,0.03567824898733839,not_churn
279,4554,0,0.7048565788856874,0.29514342111431247,not_churn
280,91,0,0.9701380867053127,0.029861913294687063,not_churn
281,2094,0,0.6782131797757281,0.32178682022427213,not_churn
282,1494,1,0.5390095984302171,0.4609904015697829,not_churn
283,2389,0,0.5937816871464924,0.40621831285350757,not_churn
284,1056,0,0.9191708402953652,0.08082915970463465,not_churn
285,3181,0,0.8808870585445241,0.11911294145547562,not_churn
286,6567,0,0.9090089485691055,0.09099105143089421,not_churn
287,868,1,0.9396607981587786,0.060339201841221476,not_churn
288,1290,1,0.44011706233656284,0.5598829376634371,churn
289,2669,0,0.8531526541535183,0.14684734584648196,not_churn
290,4127,1,0.7405848727255747,0.2594151272744253,not_churn
291,5502,0,0.578110025893532,0.42188997410646784,not_churn
292,1082,0,0.8992597470538709,0.10074025294612865,not_churn
293,1573,0,0.7804694207874359,0.21953057921256416,not_churn
294,2770,0,0.8877269304043144,0.11227306959568574,not_churn
295,5658,0,0.9888569343491617,0.011143065650838476,not_churn
296,4565,1,0.5078528792282999,0.49214712077170014,not_churn
297,3119,0,0.8020404220873476,0.19795957791265267,not_churn
298,702,0,0.9134816064547846,0.08651839354521533,not_churn
299,2397,0,0.7299508762595598,0.27004912374044016,not_churn
300,5162,0,0.31378519324055326,0.6862148067594467,churn
301,2135,0,0.679814460623257,0.32018553937674304,not_churn
302,2653,0,0.8839545362286265,0.11604546377137401,not_churn
303,4052,0,0.4750195464656662,0.5249804535343339,churn
304,1468,0,0.7749786980911706,0.22502130190882874,not_churn
305,1847,0,0.7328142451765991,0.2671857548234008,not_churn
306,3771,1,0.5047280621704707,0.4952719378295293,not_churn
307,2299,0,0.6645904167354912,0.3354095832645085,not_churn
308,2329,1,0.4854905780674768,0.5145094219325231,churn
309,4373,1,0.37954162657549406,0.6204583734245059,churn
310,1910,1,0.6759477021783445,0.32405229782165534,not_churn
311,6406,0,0.9481371071222787,0.051862892877721355,not_churn
312,2697,0,0.956501838280929,0.043498161719070866,not_churn
313,5353,1,0.19184835344229692,0.808151646557703,churn
314,716,0,0.9443980593863912,0.055601940613608444,not_churn
315,370,0,0.9469891680689903,0.05301083193100944,not_churn
316,6262,0,0.9726128026200448,0.02738719737995503,not_churn
317,4827,1,0.21682798288263352,0.7831720171173664,churn
318,4776,0,0.6987234264714816,0.30127657352851855,not_churn
319,6112,0,0.9830659160393904,0.016934083960609945,not_churn
320,3863,1,0.6762906810230157,0.32370931897698424,not_churn
321,3239,0,0.8660169931979957,0.13398300680200437,not_churn
322,1459,0,0.5439164856309582,0.4560835143690419,not_churn
323,5623,0,0.9867844575770782,0.013215542422922175,not_churn
324,3615,0,0.6321191600387052,0.36788083996129467,not_churn
325,4882,0,0.6916103370355973,0.30838966296440296,not_churn
326,3515,1,0.49155683867332955,0.5084431613266703,churn
327,2297,0,0.7549349568184653,0.24506504318153455,not_churn
328,3353,1,0.8662832054154072,0.13371679458459282,not_churn
329,605,0,0.9208022040384967,0.0791977959615032,not_churn
330,4867,1,0.6565261525717159,0.3434738474282843,not_churn
331,3847,0,0.35501702071762525,0.6449829792823748,churn
332,470,0,0.9783380152934359,0.021661984706563837,not_churn
333,1349,1,0.7188296440224018,0.2811703559775982,not_churn
334,5795,0,0.9829279850049076,0.017072014995092703,not_churn
335,6320,0,0.9787151586264183,0.021284841373581425,not_churn
336,5869,0,0.9907227420090061,0.00927725799099401,not_churn
337,5451,1,0.20865570697524258,0.7913442930247575,churn
338,5399,0,0.6973665906975723,0.3026334093024273,not_churn
339,6235,0,0.9559904434808673,0.0440095565191327,not_churn
340,6994,0,0.8118612294394579,0.18813877056054187,not_churn
341,6558,1,0.860742949645911,0.13925705035408906,not_churn
342,3688,1,0.3100387351338464,0.6899612648661534,churn
343,2449,0,0.8626444176430154,0.13735558235698453,not_churn
344,4634,1,0.3256641392312224,0.6743358607687775,churn
345,6959,0,0.8929462249523529,0.10705377504764714,not_churn
346,6207,0,0.9855952332218785,0.014404766778121525,not_churn
347,2762,0,0.9166955260131932,0.083304473986807,not_churn
348,4318,1,0.3954752326557289,0.6045247673442713,churn
349,2065,1,0.5306588754325342,0.46934112456746585,not_churn
350,2824,0,0.8845142805111419,0.115485719488858,not_churn
351,6785,0,0.8285988241698793,0.17140117583012057,not_churn
352,2366,1,0.5446138958187181,0.455386104181282,not_churn
353,3888,0,0.6408540494755185,0.35914595052448106,not_churn
354,6429,0,0.971638840094347,0.028361159905652928,not_churn
355,2295,0,0.8267079668569605,0.17329203314303931,not_churn
356,5625,0,0.9872740611295552,0.01272593887044513,not_churn
357,6208,0,0.963778716699229,0.036221283300770804,not_churn
358,1753,0,0.7894590651542576,0.210540934845742,not_churn
359,4535,1,0.21807864556279502,0.7819213544372048,churn
360,6841,0,0.8938379745086837,0.10616202549131616,not_churn
361,2383,1,0.507428824697118,0.49257117530288197,not_churn
362,1549,1,0.6951857591277968,0.3048142408722032,not_churn
363,4979,0,0.35329973640488693,0.646700263595113,churn
364,2963,0,0.815392546447704,0.18460745355229577,not_churn
365,340,0,0.9729540929048673,0.027045907095132642,not_churn
366,5956,0,0.9908825983575815,0.00911740164241875,not_churn
367,2207,0,0.6418165120600584,0.35818348793994154,not_churn
368,2928,0,0.7488736279635974,0.251126372036403,not_churn
369,1793,0,0.7738908237671605,0.22610917623283933,not_churn
370,2969,1,0.777000571006131,0.22299942899386924,not_churn
371,6079,0,0.9809381509941275,0.019061849005872877,not_churn
372,2470,0,0.8761559836476317,0.12384401635236808,not_churn
373,5688,0,0.9897348205170816,0.010265179482918788,not_churn
374,5160,0,0.43785425804761213,0.5621457419523879,churn
375,1205,0,0.49473205916513296,0.505267940834867,churn
376,5770,0,0.9900882579592857,0.009911742040714678,not_churn
377,6457,0,0.9741214814001339,0.025878518599865844,not_churn
378,4953,1,0.609064090638599,0.3909359093614008,not_churn
379,2022,0,0.7925191271515193,0.20748087284848016,not_churn
380,1161,0,0.8905326714576514,0.1094673285423483,not_churn
381,3844,0,0.5816912189110918,0.41830878108890807,not_churn
382,5594,0,0.9914261756957976,0.008573824304202613,not_churn
383,1223,0,0.7032846963991287,0.29671530360087145,not_churn
384,4347,0,0.3586979833559273,0.6413020166440727,churn
385,92,0,0.9614148338028713,0.038585166197128644,not_churn
386,3783,1,0.351885595201422,0.648114404798578,churn
387,4121,1,0.4790241483496226,0.5209758516503774,churn
388,3476,1,0.2396236874911159,0.760376312508884,churn
389,5434,1,0.4969131157509058,0.5030868842490942,churn
390,3028,0,0.7287931785716016,0.2712068214283986,not_churn
391,5428,0,0.23714262442076386,0.762857375579236,churn
392,1552,0,0.524545676882709,0.475454323117291,not_churn
393,6506,0,0.969940633398418,0.030059366601581646,not_churn
394,5282,0,0.36907795510366753,0.6309220448963324,churn
395,5872,0,0.9717542647448251,0.02824573525517493,not_churn
396,6530,1,0.7596925867395262,0.2403074132604736,not_churn
397,2410,0,0.808785715625573,0.19121428437442664,not_churn
398,4038,0,0.3476343677416491,0.652365632258351,churn
399,3327,1,0.8302046899462135,0.16979531005378617,not_churn
400,3970,0,0.6682711199911812,0.3317288800088186,not_churn
401,4278,0,0.33658773642379947,0.6634122635762004,churn
402,2376,0,0.8482393965696251,0.15176060343037476,not_churn
403,5662,0,0.9839623485280552,0.01603765147194507,not_churn
404,2071,0,0.6906949916891935,0.3093050083108065,not_churn
405,3768,1,0.27007896714744356,0.7299210328525564,churn
406,5004,1,0.35919381158101166,0.6408061884189881,churn
407,3059,1,0.724651222292353,0.2753487777076474,not_churn
408,4590,1,0.1870682599596191,0.8129317400403808,churn
409,5641,0,0.9853768485922292,0.01462315140777093,not_churn
410,2233,0,0.7933329163735887,0.20666708362641106,not_churn
411,2492,0,0.9245584161470686,0.07544158385293126,not_churn
412,1821,0,0.8352529130161088,0.16474708698389104,not_churn
413,3698,1,0.6756328493587526,0.3243671506412471,not_churn
414,3383,0,0.8722987718927189,0.12770122810728096,not_churn
415,892,0,0.9429488332815146,0.0570511667184852,not_churn
416,6723,0,0.8789417306398409,0.12105826936015922,not_churn
417,2617,0,0.8561143525174109,0.1438856474825892,not_churn
418,3680,1,0.5787002870225375,0.4212997129774624,not_churn
419,210,0,0.9393004612586204,0.060699538741379795,not_churn
420,5159,0,0.43207618708734535,0.5679238129126546,churn
421,5143,0,0.38406617010654776,0.6159338298934525,churn
422,5453,0,0.5372949020250224,0.46270509797497744,not_churn
423,2181,0,0.7667361069403762,0.23326389305962356,not_churn
424,4961,1,0.5282374241188537,0.4717625758811464,not_churn
425,6658,0,0.7386923649354403,0.2613076350645595,not_churn
426,3567,0,0.6216709312132239,0.37832906878677613,not_churn
427,3802,1,0.5969964919394262,0.4030035080605736,not_churn
428,5486,1,0.284969178224142,0.715030821775858,churn
429,5366,0,0.5003106738056705,0.4996893261943295,not_churn
430,5659,0,0.9759130380344686,0.024086961965531888,not_churn
431,2246,0,0.7746043242444978,0.22539567575550204,not_churn
432,2892,0,0.8257442941961044,0.17425570580389532,not_churn
433,5916,0,0.982943243702817,0.017056756297183367,not_churn
434,2052,0,0.6748545054592421,0.325145494540758,not_churn
435,6881,0,0.8697440851823904,0.13025591481760962,not_churn
436,1852,0,0.8098208578407255,0.19017914215927426,not_churn
437,531,0,0.9754769306587134,0.024523069341286625,not_churn
438,5432,0,0.3378937344540457,0.6621062655459543,churn
439,3766,0,0.7235860656543072,0.27641393434569306,not_churn
440,2728,0,0.8782431301597273,0.12175686984027291,not_churn
441,3375,0,0.8871048912388468,0.11289510876115302,not_churn
442,3604,1,0.6325522203303872,0.36744777966961256,not_churn
443,863,0,0.9229041259844172,0.0770958740155826,not_churn
444,6734,0,0.8689030991629215,0.1310969008370786,not_churn
445,1637,0,0.6067526895498154,0.3932473104501847,not_churn
446,2648,0,0.9268233714155061,0.07317662858449361,not_churn
447,351,0,0.9731173493400951,0.026882650659904764,not_churn
448,6638,0,0.7482317564558018,0.2517682435441981,not_churn
449,1654,1,0.5502553502609675,0.4497446497390325,not_churn
450,6484,0,0.9534825741452582,0.04651742585474171,not_churn
451,3089,0,0.8324552063246999,0.16754479367530017,not_churn
452,4444,0,0.543337118484971,0.45666288151502904,not_churn
453,6014,0,0.9910561817808444,0.008943818219155736,not_churn
454,4785,1,0.509459730052184,0.49054026994781597,not_churn
455,3496,0,0.7773251914569863,0.22267480854301355,not_churn
456,4552,0,0.742726476474555,0.2572735235254448,not_churn
457,1587,1,0.5582414266304031,0.44175857336959706,not_churn
458,6279,0,0.9635176998379628,0.03648230016203702,not_churn
459,425,0,0.9737013953622315,0.026298604637768418,not_churn
460,2345,0,0.7607792269786002,0.2392207730213997,not_churn
461,988,0,0.9004295856634066,0.09957041433659329,not_churn
462,3154,1,0.7410102158530765,0.25898978414692353,not_churn
463,2521,0,0.9325901523513407,0.06740984764865916,not_churn
464,2031,0,0.8102743859869577,0.18972561401304217,not_churn
465,2017,1,0.5898236733437241,0.41017632665627607,not_churn
466,308,0,0.968518630879862,0.03148136912013761,not_churn
467,4212,1,0.2756329585431965,0.7243670414568032,churn
468,2424,0,0.8991478316407899,0.10085216835921047,not_churn
469,6011,0,0.9869675033545655,0.013032496645435048,not_churn
470,5777,0,0.9892431463982687,0.010756853601731621,not_churn
471,2891,1,0.8802168483065997,0.1197831516933997,not_churn
472,5144,0,0.663962814688103,0.33603718531189714,not_churn
473,5801,0,0.9833787840696314,0.016621215930368985,not_churn
474,4066,0,0.6128678372297081,0.38713216277029183,not_churn
475,6329,0,0.9741353368531513,0.025864663146848547,not_churn
476,657,0,0.9309313280018315,0.06906867199816863,not_churn
477,276,0,0.9678872694818853,0.03211273051811457,not_churn
478,6126,0,0.9899664679286378,0.01003353207136239,not_churn
479,2685,0,0.9223629194231213,0.0776370805768786,not_churn
480,1368,1,0.7228677057604304,0.2771322942395693,not_churn
481,2442,0,0.7290258276334721,0.2709741723665279,not_churn
482,4437,0,0.7573274806875038,0.24267251931249587,not_churn
483,5660,0,0.9846763137564366,0.015323686243563511,not_churn
484,4748,1,0.32395033580639604,0.6760496641936037,churn
485,2348,0,0.7642285277300744,0.2357714722699251,not_churn
486,6064,0,0.9854290023976017,0.014570997602398529,not_churn
487,4522,0,0.5034700228389943,0.4965299771610057,not_churn
488,3132,0,0.7011270548050496,0.29887294519495067,not_churn
489,3158,0,0.7075260447040393,0.29247395529596076,not_churn
490,3600,0,0.4022345504159063,0.5977654495840939,churn
491,3334,0,0.913435377152138,0.08656462284786202,not_churn
492,4524,0,0.526190465639323,0.47380953436067696,not_churn
493,2745,0,0.8608737321352227,0.13912626786477708,not_churn
494,4711,1,0.5035128732353222,0.4964871267646778,not_churn
495,5788,0,0.9901225180414523,0.009877481958547958,not_churn
496,4227,0,0.6783252746881278,0.32167472531187236,not_churn
497,1664,0,0.706829237814057,0.2931707621859432,not_churn
498,4100,0,0.7739358455045107,0.22606415449548922,not_churn
499,95,0,0.956603145304668,0.04339685469533197,not_churn
500,6212,0,0.963641417048652,0.03635858295134765,not_churn
501,6277,0,0.9764384533575433,0.023561546642456452,not_churn
502,6375,0,0.9691671969985818,0.03083280300141812,not_churn
503,3,0,0.9484459604465053,0.051554039553494586,not_churn
504,4623,0,0.7035646187814092,0.2964353812185907,not_churn
505,3843,1,0.3365882860336551,0.6634117139663449,churn
506,4724,1,0.3490942526871432,0.6509057473128567,churn
507,2477,0,0.8972141520715101,0.10278584792848978,not_churn
508,3179,0,0.7839583061260121,0.21604169387398797,not_churn
509,598,0,0.9664734367223065,0.033526563277693495,not_churn
510,1453,1,0.5741067395404643,0.4258932604595358,not_churn
511,2878,0,0.8663759092544617,0.13362409074553816,not_churn
512,865,0,0.9412904554799043,0.058709544520095386,not_churn
513,6229,0,0.9628739676463697,0.03712603235363024,not_churn
514,2342,0,0.6037996035784864,0.3962003964215135,not_churn
515,478,0,0.9734623664945875,0.026537633505412588,not_churn
516,237,0,0.9722905676658661,0.027709432334133918,not_churn
517,5275,1,0.7117890401963101,0.2882109598036902,not_churn
518,5112,1,0.19775074963471678,0.802249250365283,churn
519,5903,0,0.9808187892230802,0.019181210776919897,not_churn
520,3068,0,0.8341165613828062,0.16588343861719365,not_churn
521,5634,0,0.9873261977488741,0.012673802251126078,not_churn
522,1258,1,0.4996836410155,0.5003163589845,churn
523,1380,1,0.5955034287130925,0.4044965712869076,not_churn
524,1372,0,0.6156999510401248,0.38430004895987535,not_churn
525,3967,0,0.553806921479662,0.44619307852033785,not_churn
526,3952,0,0.4515852690834889,0.5484147309165112,churn
527,6961,0,0.7011000197006336,0.298899980299366,not_churn
528,3896,1,0.6413035048341774,0.35869649516582247,not_churn
529,2916,0,0.8954930384749484,0.10450696152505118,not_churn
530,5682,0,0.9664416934355947,0.033558306564405616,not_churn
531,2523,0,0.8949972798457331,0.10500272015426647,not_churn
532,5701,0,0.9889786493246117,0.011021350675388883,not_churn
533,4520,0,0.7184863309968366,0.2815136690031632,not_churn
534,1607,0,0.459549191808244,0.5404508081917561,churn
535,4459,0,0.2569900845987748,0.7430099154012249,churn
536,4998,0,0.6936232244597305,0.30637677554026943,not_churn
537,6024,0,0.9873688825585962,0.012631117441403968,not_churn
538,2287,1,0.39744534182202285,0.602554658177977,churn
539,959,0,0.9244651360173919,0.07553486398260797,not_churn
540,6633,0,0.8920624038751932,0.10793759612480663,not_churn
541,3502,1,0.3523351166405571,0.6476648833594427,churn
542,6837,0,0.8784217250658127,0.12157827493418732,not_churn
543,1797,0,0.6782481170229957,0.32175188297700424,not_churn
544,4540,0,0.3653273413848071,0.6346726586151928,churn
545,3465,1,0.5333540443624242,0.46664595563757566,not_churn
546,3610,0,0.7042720763659169,0.29572792363408296,not_churn
547,4184,1,0.22297825978464547,0.7770217402153545,churn
548,6475,0,0.9779518793611421,0.022048120638857527,not_churn
549,4592,1,0.5550253997112806,0.44497460028871944,not_churn
550,6210,0,0.9713463105656613,0.028653689434338388,not_churn
551,2914,0,0.6844453823004737,0.3155546176995264,not_churn
552,5455,0,0.35910447533665424,0.6408955246633455,churn
553,6869,0,0.8765501723052143,0.12344982769478575,not_churn
554,4926,0,0.6299709129186861,0.3700290870813137,not_churn
555,3951,0,0.5810443979450127,0.41895560205498716,not_churn
556,303,0,0.9629977670579558,0.03700223294204426,not_churn
557,3364,1,0.8274286942530725,0.17257130574692747,not_churn
558,6798,1,0.8638301535736828,0.1361698464263172,not_churn
559,3969,0,0.42483152476731134,0.5751684752326885,churn
560,17,0,0.9490808685997721,0.05091913140022784,not_churn
561,6544,0,0.9273497273351871,0.07265027266481275,not_churn
562,195,0,0.9635503436641214,0.03644965633587851,not_churn
563,4610,1,0.6050809160106747,0.394919083989325,not_churn
564,2013,0,0.6295598956619192,0.3704401043380809,not_churn
565,6144,0,0.990489434161556,0.00951056583844447,not_churn
566,5464,1,0.18594233564469956,0.8140576643553002,churn
567,5189,1,0.3011150052340518,0.6988849947659479,churn
568,6136,0,0.9787669052997375,0.021233094700262467,not_churn
569,4055,1,0.28650796654716026,0.7134920334528396,churn
570,3540,0,0.6148405940366104,0.3851594059633892,not_churn
571,1913,0,0.840783503536417,0.15921649646358282,not_churn
572,3485,0,0.589896802675292,0.41010319732470785,not_churn
573,6833,0,0.869666974258291,0.13033302574170905,not_churn
574,2870,0,0.8162241593041242,0.18377584069587588,not_churn
575,5744,0,0.9910462776113341,0.008953722388665968,not_churn
576,4237,0,0.5071105998583314,0.4928894001416686,not_churn
577,4828,0,0.7323478570943093,0.2676521429056909,not_churn
578,6823,0,0.8928016092412976,0.10719839075870213,not_churn
579,6636,0,0.9229421175838272,0.0770578824161725,not_churn
580,3996,0,0.37613224820495417,0.6238677517950457,churn
581,5937,0,0.9903300743588533,0.009669925641146776,not_churn
582,4428,1,0.35518825671485993,0.6448117432851399,churn
583,2988,0,0.8534614037020787,0.146538596297921,not_churn
584,1198,0,0.735001374225046,0.2649986257749541,not_churn
585,3186,0,0.8539697414451524,0.14603025855484747,not_churn
586,4546,0,0.5695671106490334,0.43043288935096646,not_churn
587,662,0,0.9210442841970599,0.07895571580294024,not_churn
588,5909,0,0.9860378652035431,0.013962134796457464,not_churn
589,5032,0,0.6880034924331356,0.3119965075668644,not_churn
590,6913,1,0.7263932947179633,0.2736067052820367,not_churn
591,2027,0,0.7952812325214547,0.2047187674785451,not_churn
592,4526,1,0.3657500340355038,0.6342499659644962,churn
593,378,0,0.979860481570324,0.02013951842967608,not_churn
594,5729,0,0.9891706137502747,0.010829386249725636,not_churn
595,6511,0,0.9697295371025761,0.03027046289742381,not_churn
596,3689,1,0.5812402672241861,0.41875973277581396,not_churn
597,3394,1,0.40129873602648225,0.5987012639735175,churn
598,775,0,0.9531889275959715,0.04681107240402855,not_churn
599,5267,1,0.3440957425446585,0.6559042574553413,churn
600,4402,1,0.4099739305669571,0.5900260694330428,churn
601,3728,0,0.5007251289811425,0.49927487101885765,not_churn
602,3443,0,0.3378138541565538,0.662186145843446,churn
603,987,0,0.9243751870566441,0.07562481294335542,not_churn
604,2073,0,0.7430624975768555,0.25693750242314384,not_churn
605,4334,1,0.604017092182463,0.395982907817537,not_churn
606,5992,0,0.9828972697219821,0.017102730278018303,not_churn
607,454,0,0.9683209050078838,0.03167909499211624,not_churn
608,4677,1,0.4422995764814332,0.5577004235185666,churn
609,5952,0,0.9467847947524498,0.053215205247550176,not_churn
610,5306,1,0.5819488445875826,0.41805115541241716,not_churn
611,3362,0,0.8712651630659515,0.12873483693404855,not_churn
612,5999,0,0.9794094528400695,0.02059054715993065,not_churn
613,4909,0,0.6515450727862411,0.3484549272137587,not_churn
614,6543,0,0.8968609300151185,0.10313906998488123,not_churn
615,3743,0,0.5071672553724982,0.4928327446275019,not_churn
616,27,0,0.9653585423704172,0.03464145762958281,not_churn
617,4967,1,0.22775871310213516,0.7722412868978652,churn
618,4136,0,0.4735889169193914,0.5264110830806086,churn
619,3654,1,0.35546079777649026,0.6445392022235096,churn
620,3905,1,0.19748941022024502,0.8025105897797548,churn
621,2422,0,0.9196080694875645,0.08039193051243546,not_churn
622,3677,0,0.43349767288244434,0.5665023271175557,churn
623,382,0,0.9599123068904014,0.04008769310959873,not_churn
624,6182,0,0.965123835642851,0.034876164357148985,not_churn
625,4763,1,0.4788172709209108,0.5211827290790891,churn
626,2994,0,0.8809675163633075,0.11903248363669242,not_churn
627,1174,0,0.9030138605942843,0.09698613940571527,not_churn
628,6066,0,0.9889471492064287,0.01105285079357153,not_churn
629,4708,1,0.24116666266913234,0.7588333373308674,churn
630,3005,0,0.8543818362132859,0.14561816378671374,not_churn
631,574,0,0.9784070109164504,0.0215929890835494,not_churn
632,6621,1,0.7052997581614161,0.2947002418385838,not_churn
633,4018,1,0.5222426085080762,0.4777573914919236,not_churn
634,5763,0,0.9793134200123385,0.020686579987661845,not_churn
635,2792,1,0.8935863261448165,0.10641367385518369,not_churn
636,3574,1,0.358379101484252,0.6416208985157479,churn
637,238,0,0.9424772147832392,0.05752278521676016,not_churn
638,755,1,0.9329665688090185,0.06703343119098101,not_churn
639,2155,1,0.4728498423873282,0.5271501576126717,churn
640,84,0,0.9395102623296888,0.06048973767031092,not_churn
641,2328,0,0.7946733063767756,0.2053266936232242,not_churn
642,3438,1,0.37328589539093343,0.6267141046090665,churn
643,6830,1,0.8623326769360847,0.1376673230639154,not_churn
644,2361,0,0.7722359200545434,0.22776407994545658,not_churn
645,1123,0,0.9357843559967187,0.06421564400328104,not_churn
646,3492,0,0.6386494200369847,0.3613505799630152,not_churn
647,2183,1,0.41139773907513577,0.5886022609248641,churn
648,2261,1,0.48700128268853327,0.5129987173114666,churn
649,1327,1,0.6300342555418494,0.36996574445815095,not_churn
650,911,0,0.9198649961039955,0.08013500389600439,not_churn
651,3473,1,0.47200101054087545,0.5279989894591245,churn
652,2088,1,0.48912922776238205,0.510870772237618,churn
653,419,0,0.9622695951518665,0.037730404848133274,not_churn
654,2675,0,0.9171528219088014,0.08284717809119865,not_churn
655,5107,1,0.6118188103290358,0.3881811896709638,not_churn
656,4335,1,0.26786718064246196,0.7321328193575378,churn
657,455,0,0.9681680926758639,0.031831907324136044,not_churn
658,6899,0,0.8766038052612892,0.12339619473871088,not_churn
659,1790,0,0.6404311729586663,0.35956882704133386,not_churn
660,2961,0,0.8874681481291692,0.11253185187083088,not_churn
661,2585,0,0.928897013093189,0.071102986906811,not_churn
662,4896,1,0.20650710673188313,0.7934928932681169,churn
663,6815,0,0.8899033626815388,0.11009663731846132,not_churn
664,1816,0,0.8441263365742927,0.15587366342570705,not_churn
665,5294,1,0.5949044959246438,0.40509550407535583,not_churn
666,4455,0,0.6466540348291957,0.3533459651708044,not_churn
667,113,0,0.961670121928292,0.038329878071707825,not_churn
668,638,0,0.9292732735959458,0.07072672640405411,not_churn
669,795,0,0.9453051171632463,0.0546948828367535,not_churn
670,2432,0,0.9085004822013235,0.09149951779867636,not_churn
671,2902,0,0.8317134718076763,0.16828652819232384,not_churn
672,5505,0,0.6393702185874403,0.36062978141255947,not_churn
673,3940,1,0.3107833074745314,0.6892166925254685,churn
674,6758,0,0.6833732248762981,0.31662677512370185,not_churn
675,644,0,0.9438549714276264,0.05614502857237321,not_churn
676,6806,0,0.6241752520365724,0.37582474796342763,not_churn
677,3228,0,0.7544753423986752,0.24552465760132486,not_churn
678,5140,1,0.5125031192474426,0.4874968807525573,not_churn
679,6641,0,0.9026245628547936,0.09737543714520606,not_churn
680,1811,0,0.7230609865035739,0.276939013496426,not_churn
681,917,0,0.9285032340644258,0.07149676593557429,not_churn
682,1962,0,0.7593299233979129,0.24067007660208709,not_churn
683,3135,0,0.8421565549363969,0.157843445063603,not_churn
684,4976,1,0.3079378102295865,0.6920621897704133,churn
685,5810,0,0.9878586749970749,0.01214132500292553,not_churn
686,2458,0,0.9565081097142921,0.04349189028570825,not_churn
687,2989,0,0.8279640362006682,0.17203596379933198,not_churn
688,3144,0,0.7552579531457272,0.24474204685427303,not_churn
689,3108,0,0.8858066124157417,0.11419338758425783,not_churn
690,4326,1,0.42727675333089893,0.5727232466691011,churn
691,1348,0,0.7350070726608968,0.26499292733910307,not_churn
692,2024,1,0.5741067395404643,0.4258932604595358,not_churn
693,762,0,0.9492179576192192,0.05078204238078027,not_churn
694,4741,1,0.7340259021569024,0.26597409784309783,not_churn
695,6499,0,0.9857013145993698,0.014298685400629747,not_churn
696,5644,0,0.9915585405465768,0.008441459453423736,not_churn
697,712,0,0.8574325781257879,0.14256742187421176,not_churn
698,4359,1,0.26671469116692803,0.733285308833072,churn
699,2607,0,0.9114415704640977,0.08855842953590257,not_churn
700,2216,0,0.8172998319887994,0.18270016801120043,not_churn
701,609,0,0.9680616520035501,0.03193834799644973,not_churn
702,6761,0,0.7659255697966543,0.23407443020334526,not_churn
703,6242,0,0.9526867126441269,0.047313287355872834,not_churn
704,4897,1,0.528710127890125,0.47128987210987516,not_churn
705,5690,0,0.9867767478659079,0.013223252134092566,not_churn
706,1870,0,0.5982912081938982,0.4017087918061019,not_churn
707,6752,1,0.8644514740281845,0.13554852597181571,not_churn
708,4478,1,0.4080694861303838,0.5919305138696163,churn
709,1388,0,0.8025271109778366,0.197472889022163,not_churn
710,289,0,0.9599159554324038,0.04008404456759626,not_churn
711,3623,1,0.26299122158536065,0.7370087784146395,churn
712,824,0,0.9269816965348034,0.07301830346519626,not_churn
713,6193,0,0.912146715764703,0.0878532842352971,not_churn
714,4453,1,0.6077233223852702,0.39227667761472956,not_churn
715,39,0,0.9775927397374937,0.022407260262506213,not_churn
716,5010,1,0.3981807879160414,0.6018192120839584,churn
717,5578,0,0.9841529007737922,0.015847099226208063,not_churn
718,90,0,0.9521320899867969,0.047867910013202716,not_churn
719,4735,0,0.5878714478902651,0.41212855210973487,not_churn
720,101,0,0.9694859354915879,0.030514064508412157,not_churn
721,2795,0,0.9230390347687292,0.07696096523127093,not_churn
722,2643,0,0.8408199368228573,0.15918006317714292,not_churn
723,14,0,0.9659315438799227,0.03406845612007717,not_churn
724,2408,0,0.7187520532669228,0.28124794673307724,not_churn
725,1569,0,0.7688035126372206,0.23119648736277892,not_churn
726,2785,0,0.956501838280929,0.043498161719070866,not_churn
727,5229,1,0.5070436645976285,0.4929563354023715,not_churn
728,1150,0,0.9471984926480097,0.052801507351989956,not_churn
729,6149,0,0.9649716240889297,0.03502837591107052,not_churn
730,332,0,0.9619081313043475,0.038091868695652134,not_churn
731,2885,0,0.7886323288622282,0.21136767113777183,not_churn
732,246,0,0.9686792368493984,0.031320763150601644,not_churn
733,1128,0,0.9258633597412336,0.07413664025876629,not_churn
734,4029,0,0.532144430252582,0.4678555697474181,not_churn
735,1779,0,0.7363838998459699,0.2636161001540303,not_churn
736,4431,0,0.5849260586144027,0.41507394138559717,not_churn
737,2416,1,0.5702983689213394,0.42970163107866044,not_churn
738,3658,1,0.20372952227487284,0.7962704777251273,churn
739,960,0,0.923222502951202,0.07677749704879797,not_churn
740,5865,0,0.9487864172178768,0.0512135827821232,not_churn
741,1294,0,0.7056998738641473,0.2943001261358527,not_churn
742,6363,0,0.8215838499428512,0.17841615005714873,not_churn
743,1505,0,0.7022724589220882,0.2977275410779121,not_churn
744,1639,0,0.7955602495363152,0.20443975046368457,not_churn
745,1301,0,0.7243448123752863,0.27565518762471375,not_churn
746,3559,0,0.7878267278212064,0.21217327217879356,not_churn
747,6355,0,0.9655110595706455,0.03448894042935426,not_churn
748,3806,0,0.3246578528522076,0.6753421471477925,churn
749,4858,1,0.6446969780098266,0.3553030219901732,not_churn
750,1526,0,0.7711986495635961,0.22880135043640398,not_churn
751,1068,0,0.9286649272306511,0.07133507276934888,not_churn
752,2441,0,0.8806654791963315,0.11933452080366842,not_churn
753,3532,1,0.4878857677542918,0.5121142322457082,churn
754,5796,0,0.9872552596446421,0.012744740355358282,not_churn
755,6970,0,0.8609743759082406,0.13902562409175953,not_churn
756,4951,1,0.3366529699576521,0.6633470300423479,churn
757,5057,1,0.497307559386271,0.502692440613729,churn
758,589,0,0.975716171900178,0.024283828099822026,not_churn
759,6179,0,0.9245020150972069,0.07549798490279301,not_churn
760,636,1,0.9116873350383088,0.08831266496169103,not_churn
761,1617,1,0.6664648993288153,0.3335351006711847,not_churn
762,5654,0,0.9726518274097975,0.027348172590202707,not_churn
763,4281,1,0.2878631131964105,0.7121368868035893,churn
764,3231,1,0.863452555675643,0.13654744432435678,not_churn
765,5152,1,0.6704733443767317,0.32952665562326827,not_churn
766,4823,1,0.48331476917739485,0.5166852308226051,churn
767,2710,0,0.9437434160620343,0.05625658393796613,not_churn
768,1885,0,0.4993859729998866,0.5006140270001136,churn
769,4463,1,0.3151783867185934,0.6848216132814064,churn
770,3185,0,0.8386572695573384,0.1613427304426616,not_churn
771,4665,0,0.6456694110967526,0.35433058890324737,not_churn
772,4363,1,0.48306817127560725,0.5169318287243927,churn
773,2872,1,0.8386063856887634,0.16139361431123667,not_churn
774,6347,0,0.9849777435179741,0.015022256482025806,not_churn
775,2760,0,0.9074875636714705,0.0925124363285294,not_churn
776,4835,1,0.5216505342447613,0.47834946575523885,not_churn
777,2855,0,0.8135245603375233,0.18647543966247643,not_churn
778,1441,1,0.5466262567940929,0.45337374320590706,not_churn
779,853,1,0.9059433885900293,0.09405661140997047,not_churn
780,4667,1,0.35765790829631927,0.6423420917036807,churn
781,5806,0,0.9893718138787697,0.01062818612123046,not_churn
782,4999,0,0.1870682599596191,0.8129317400403808,churn
783,5166,0,0.3884013735115663,0.6115986264884335,churn
784,555,0,0.9676823876311883,0.032317612368811685,not_churn
785,5011,1,0.4877467220168725,0.5122532779831275,churn
786,1856,0,0.7499414007165417,0.2500585992834586,not_churn
787,6462,0,0.9844861617029075,0.015513838297092363,not_churn
788,6546,0,0.8593842136810753,0.1406157863189249,not_churn
789,1175,0,0.918194153186541,0.08180584681345877,not_churn
790,5377,1,0.3392013797031565,0.6607986202968434,churn
791,3569,1,0.660188750621864,0.3398112493781359,not_churn
792,4919,0,0.4181240462456168,0.5818759537543832,churn
793,6988,0,0.8498189303420572,0.15018106965794284,not_churn
794,6652,0,0.8573767548177321,0.1426232451822681,not_churn
795,5365,0,0.6303426049545248,0.3696573950454749,not_churn
796,6488,0,0.944945562033097,0.05505443796690274,not_churn
797,2282,0,0.7704674288847673,0.22953257111523245,not_churn
798,3861,0,0.5859412361620623,0.41405876383793766,not_churn
799,2372,0,0.7908010577877738,0.20919894221222562,not_churn
800,6928,0,0.8651147633579881,0.13488523664201213,not_churn
801,6421,0,0.9435485288246354,0.05645147117536466,not_churn
802,3123,0,0.6999198850521436,0.3000801149478564,not_churn
803,3616,0,0.7683031993977008,0.23169680060229922,not_churn
804,330,0,0.9579906520658806,0.04200934793411932,not_churn
805,299,0,0.9660460375140184,0.03395396248598178,not_churn
806,1521,0,0.667479525832863,0.33252047416713737,not_churn
807,2959,0,0.739352983159273,0.26064701684072716,not_churn
808,6724,0,0.7193166699071548,0.2806833300928451,not_churn
809,6131,0,0.9684597672724091,0.03154023272759103,not_churn
810,1591,0,0.7764503127565395,0.22354968724346042,not_churn
811,2405,0,0.4549218806377974,0.5450781193622024,churn
812,748,0,0.898279190422118,0.10172080957788136,not_churn
813,4320,0,0.6724108343083259,0.3275891656916741,not_churn
814,1387,0,0.8032220852946645,0.19677791470533518,not_churn
815,6792,0,0.8559104341811462,0.14408956581885404,not_churn
816,5707,0,0.9876514706340735,0.012348529365926807,not_churn
817,697,0,0.8652566076630208,0.13474339233697907,not_churn
818,2784,0,0.9110247647116456,0.08897523528835441,not_churn
819,6966,0,0.901966461034131,0.09803353896586917,not_churn
820,3491,1,0.5870929436480149,0.41290705635198494,not_churn
821,1523,0,0.5132068242747361,0.4867931757252641,not_churn
822,5117,1,0.5497984391362863,0.45020156086371366,not_churn
823,923,0,0.9298283983641081,0.07017160163589138,not_churn
824,6811,0,0.9057527864922134,0.09424721350778652,not_churn
825,2654,0,0.9315694870949359,0.06843051290506424,not_churn
826,2556,0,0.9437003988858287,0.056299601114171455,not_churn
827,4851,1,0.4864698577815021,0.5135301422184979,churn
828,6892,1,0.6753521849842882,0.3246478150157117,not_churn
829,1849,1,0.5822983315067154,0.41770166849328455,not_churn
830,3017,0,0.7840227342498585,0.21597726575014187,not_churn
831,5873,0,0.9878463227906035,0.012153677209396798,not_churn
832,3507,1,0.5034700228389943,0.4965299771610057,not_churn
833,1493,0,0.7307446858361979,0.26925531416380183,not_churn
834,3717,1,0.6601245455456869,0.33987545445431266,not_churn
835,6326,0,0.9842049435269918,0.01579505647300795,not_churn
836,3182,0,0.8330364507505769,0.16696354924942292,not_churn
837,3980,0,0.5318047294855273,0.46819527051447274,not_churn
838,2360,0,0.7089045836111261,0.2910954163888739,not_churn
839,6473,0,0.9839369625116654,0.016063037488334292,not_churn
840,3812,1,0.4981240792956872,0.5018759207043128,churn
841,6764,0,0.7967971415295192,0.20320285847048036,not_churn
842,3206,0,0.8665345847974731,0.13346541520252642,not_churn
843,1598,1,0.6657824119724257,0.3342175880275741,not_churn
844,2896,0,0.7805425336662366,0.21945746633376337,not_churn
845,5603,0,0.9895455949645292,0.010454405035471036,not_churn
846,6502,0,0.9698633582163534,0.03013664178364634,not_churn
847,2549,0,0.9395759367053512,0.0604240632946487,not_churn
848,4868,0,0.6757896201674717,0.3242103798325283,not_churn
849,6655,0,0.8637506172217562,0.13624938277824422,not_churn
850,798,0,0.917452394839292,0.08254760516070787,not_churn
851,6063,1,0.9786509354281762,0.021349064571824002,not_churn
852,4312,1,0.3527488889555616,0.6472511110444382,churn
853,7019,0,0.7105000153011889,0.28949998469881094,not_churn
854,5969,0,0.986492923880817,0.013507076119183357,not_churn
855,295,0,0.9733589440418888,0.026641055958111247,not_churn
856,4056,1,0.400447455390923,0.5995525446090769,churn
857,2202,0,0.8516301997121956,0.1483698002878042,not_churn
858,1784,1,0.5098850713004546,0.4901149286995454,not_churn
859,374,0,0.9708738548911354,0.029126145108864736,not_churn
860,3903,0,0.5224479544310152,0.47755204556898484,not_churn
861,4576,1,0.19072379999265623,0.8092762000073438,churn
862,3026,1,0.7874288129591401,0.2125711870408601,not_churn
863,52,0,0.9756799468826511,0.024320053117348705,not_churn
864,2655,0,0.8644384513597733,0.13556154864022668,not_churn
865,474,0,0.9673672585506087,0.03263274144939132,not_churn
866,3950,1,0.35321252080095766,0.6467874791990422,churn
867,4687,1,0.3463914197160756,0.6536085802839243,churn
868,5460,1,0.6550262415219461,0.34497375847805395,not_churn
869,5468,0,0.5802790133628595,0.4197209866371405,not_churn
870,4023,1,0.3113588547000876,0.6886411452999124,churn
871,6152,0,0.9891687813065747,0.010831218693425522,not_churn
872,1911,0,0.7489151120082483,0.2510848879917513,not_churn
873,5028,0,0.4445357776481273,0.555464222351873,churn
874,4538,1,0.6474000340003582,0.3525999659996421,not_churn
875,4176,1,0.6108073258526927,0.3891926741473069,not_churn
876,4929,0,0.6925735219806773,0.30742647801932294,not_churn
877,3340,0,0.8539193456917034,0.14608065430829645,not_churn
878,984,1,0.9344314098543343,0.06556859014566573,not_churn
879,1537,1,0.5188311208054546,0.4811688791945453,not_churn
880,1102,0,0.9301725187757698,0.0698274812242298,not_churn
881,5832,0,0.9825095863206548,0.017490413679345344,not_churn
882,3721,0,0.6018361930936114,0.3981638069063884,not_churn
883,1323,0,0.7774960471907286,0.22250395280927124,not_churn
884,1354,0,0.7212768276516149,0.2787231723483852,not_churn
885,3784,1,0.5529583386823768,0.4470416613176231,not_churn
886,5483,1,0.5128356970977158,0.48716430290228435,not_churn
887,6627,0,0.856168091858829,0.14383190814117078,not_churn
888,3550,0,0.5906406292941369,0.409359370705863,not_churn
889,6092,0,0.9841488001643716,0.015851199835628556,not_churn
890,495,0,0.9663727982081851,0.03362720179181489,not_churn
891,4937,1,0.37102596133324184,0.628974038666758,churn
892,2138,0,0.7209675106316847,0.2790324893683152,not_churn
893,5268,1,0.18767931223171316,0.8123206877682867,churn
894,1739,0,0.746376732480123,0.2536232675198766,not_churn
895,5966,0,0.9853375051908738,0.014662494809126231,not_churn
896,4324,1,0.7242440331815323,0.2757559668184681,not_churn
897,542,0,0.9765606742114238,0.02343932578857623,not_churn
898,5721,0,0.988314080451874,0.011685919548126375,not_churn
899,1292,0,0.7284558427113881,0.2715441572886116,not_churn
900,5736,0,0.9797522800081626,0.020247719991837686,not_churn
901,4795,1,0.5681352164259093,0.43186478357409075,not_churn
902,6309,1,0.9357809461454569,0.06421905385454296,not_churn
903,1586,1,0.5688206494481695,0.43117935055183054,not_churn
904,3683,0,0.7055681661917466,0.29443183380825355,not_churn
905,5558,0,0.9904046837923681,0.009595316207632206,not_churn
906,1510,1,0.4856553975425909,0.514344602457409,churn
907,843,0,0.8830292841504991,0.11697071584950067,not_churn
908,2456,0,0.9114116362185911,0.0885883637814086,not_churn
909,428,0,0.9612914474365496,0.03870855256345011,not_churn
910,5704,0,0.9893165515705875,0.010683448429412995,not_churn
911,871,0,0.9348823121734199,0.06511768782658015,not_churn
912,1771,0,0.7738971691389245,0.22610283086107535,not_churn
913,6003,0,0.9833480849128474,0.01665191508715291,not_churn
914,4679,1,0.39648078126854197,0.6035192187314581,churn
915,1655,0,0.6768047360107997,0.32319526398920034,not_churn
916,5393,1,0.20891480010291796,0.7910851998970818,churn
917,2507,0,0.8690153149607924,0.13098468503920785,not_churn
918,5114,0,0.5267365761009974,0.47326342389900267,not_churn
919,2245,0,0.8167360147924504,0.18326398520754958,not_churn
920,1633,1,0.45961871241955427,0.5403812875804457,churn
921,6934,0,0.6277093833017112,0.37229061669828867,not_churn
922,5396,0,0.41272806361409275,0.5872719363859071,churn
923,2538,0,0.9044458274634586,0.09555417253654133,not_churn
924,2475,0,0.8798342394149482,0.12016576058505216,not_churn
925,2497,0,0.9311900249643362,0.0688099750356639,not_churn
926,2862,0,0.8560936440006683,0.14390635599933177,not_churn
927,4507,0,0.5204240808965153,0.4795759191034847,not_churn
928,641,0,0.9169390954412664,0.08306090455873334,not_churn
929,3398,0,0.5978823008471166,0.4021176991528833,not_churn
930,679,1,0.9382073922267563,0.06179260777324349,not_churn
931,3045,0,0.7170120179081466,0.28298798209185355,not_churn
932,115,0,0.9553489887437523,0.04465101125624775,not_churn
933,2164,0,0.828844982654041,0.1711550173459588,not_churn
934,5343,1,0.3006774401793706,0.6993225598206295,churn
935,3008,0,0.8248398728486471,0.1751601271513528,not_churn
936,3437,1,0.25926885081908585,0.7407311491809141,churn
937,5326,1,0.3427358894076502,0.6572641105923496,churn
938,3936,1,0.31444895286514607,0.6855510471348538,churn
939,2781,0,0.918664426960365,0.08133557303963493,not_churn
940,6417,0,0.9551886389494171,0.04481136105058284,not_churn
941,3727,0,0.20785419404231195,0.7921458059576879,churn
942,6827,1,0.8368943778659242,0.16310562213407556,not_churn
943,3103,0,0.8631381081334171,0.1368618918665831,not_churn
944,4762,1,0.5071992165558101,0.4928007834441898,not_churn
945,5602,0,0.9900836777555384,0.009916322244461791,not_churn
946,1966,1,0.5780735640851534,0.42192643591484646,not_churn
947,3711,1,0.3245382149163029,0.6754617850836969,churn
948,3141,0,0.8739552731761208,0.1260447268238788,not_churn
949,4886,1,0.5072466266324596,0.4927533733675405,not_churn
950,6195,0,0.9647981823131501,0.0352018176868499,not_churn
951,5737,0,0.9823091631366985,0.017690836863301758,not_churn
952,6465,0,0.9536853544045515,0.04631464559544859,not_churn
953,797,0,0.7156344156950651,0.284365584304935,not_churn
954,4875,1,0.5108944545342976,0.4891055454657024,not_churn
955,2099,1,0.510559012110675,0.489440987889325,not_churn
956,83,0,0.9538500398192197,0.046149960180780464,not_churn
957,301,0,0.9705707341597524,0.029429265840247777,not_churn
958,6736,0,0.6918601075433867,0.3081398924566133,not_churn
959,1706,0,0.5597646613229629,0.4402353386770371,not_churn
960,551,0,0.9631039492280743,0.03689605077192539,not_churn
961,3514,0,0.40008923720842404,0.5999107627915758,churn
962,3389,1,0.3153887372714643,0.6846112627285358,churn
963,5403,1,0.6096928559466955,0.3903071440533042,not_churn
964,2174,0,0.6122902420349182,0.38770975796508184,not_churn
965,1239,0,0.7755875429740315,0.22441245702596813,not_churn
966,2384,0,0.5187683138942605,0.4812316861057394,not_churn
967,2121,1,0.4930834853260557,0.5069165146739443,churn
968,5423,0,0.19775074963471678,0.802249250365283,churn
969,722,0,0.9097224447922758,0.09027755520772386,not_churn
970,3174,1,0.699763131446497,0.3002368685535033,not_churn
971,6728,0,0.6918601075433867,0.3081398924566133,not_churn
972,2712,0,0.9429889140917415,0.057011085908258624,not_churn
973,4814,0,0.4947184324096293,0.5052815675903707,churn
974,6114,0,0.9880201627895822,0.01197983721041828,not_churn
975,2889,0,0.8000303433913527,0.1999696566086472,not_churn
976,2767,0,0.8696219725207756,0.13037802747922445,not_churn
977,6810,0,0.8258009594335757,0.1741990405664243,not_churn
978,5970,0,0.9829582822522204,0.01704171774777995,not_churn
979,791,0,0.9241655242495276,0.0758344757504725,not_churn
980,2262,0,0.5849371917850668,0.41506280821493324,not_churn
981,282,0,0.974722362915241,0.025277637084759122,not_churn
982,1181,0,0.8907929320406762,0.1092070679593231,not_churn
983,3360,0,0.7495374768172377,0.25046252318276263,not_churn
984,388,0,0.972963237823827,0.02703676217617312,not_churn
985,2414,0,0.7601388741837581,0.23986112581624147,not_churn
986,1019,0,0.9364697026291253,0.06353029737087472,not_churn
987,4399,1,0.26685113864316906,0.733148861356831,churn
988,2118,0,0.49039170437285273,0.5096082956271473,churn
989,4628,0,0.517812443868064,0.48218755613193615,not_churn
990,1281,0,0.6195797657416642,0.38042023425833593,not_churn
991,1980,0,0.7624824536604524,0.23751754633954728,not_churn
992,4917,0,0.6577937512598521,0.34220624874014793,not_churn
993,2280,0,0.7013181635416481,0.298681836458352,not_churn
994,3073,0,0.8525709833411577,0.14742901665884234,not_churn
995,2379,0,0.7211296374462707,0.27887036255372943,not_churn
996,2677,0,0.9380622080330693,0.061937791966930916,not_churn
997,827,0,0.9303271673558868,0.06967283264411303,not_churn
998,6534,0,0.8657052593374704,0.13429474066252958,not_churn
999,5710,0,0.984139547824482,0.015860452175518455,not_churn
1000,3920,0,0.5747331935822397,0.4252668064177601,not_churn
1001,2729,0,0.8648686924119378,0.1351313075880621,not_churn
1002,1188,0,0.9099396310594905,0.09006036894050926,not_churn
1003,851,0,0.9199908205817496,0.08000917941825024,not_churn
1004,787,0,0.9197932811416281,0.08020671885837154,not_churn
1005,5047,1,0.6259179870501846,0.374082012949815,not_churn
1006,6317,0,0.9274334099633254,0.07256659003667466,not_churn
1007,6635,0,0.850822914719327,0.14917708528067297,not_churn
1008,703,0,0.9342926925872136,0.06570730741278638,not_churn
1009,621,0,0.9590564185275225,0.04094358147247748,not_churn
1010,4088,1,0.20785419404231195,0.7921458059576879,churn
1011,183,0,0.9771017724348827,0.02289822756511717,not_churn
1012,2652,0,0.9469198572169607,0.053080142783039026,not_churn
1013,1509,0,0.6091289707344711,0.39087102926552897,not_churn
1014,2461,0,0.8783598695509777,0.1216401304490222,not_churn
1015,6299,0,0.9719273394147337,0.028072660585266255,not_churn
1016,2089,0,0.6063237793329805,0.39367622066701957,not_churn
1017,1904,1,0.4944474723540944,0.5055525276459056,churn
1018,5281,1,0.4891737590952466,0.5108262409047533,churn
1019,23,0,0.9736085785409191,0.026391421459081178,not_churn
1020,977,0,0.9406395780055411,0.05936042199445888,not_churn
1021,6249,0,0.9504641958982917,0.04953580410170813,not_churn
1022,3145,0,0.6949575256600221,0.3050424743399781,not_churn
1023,5184,1,0.6211716763053946,0.3788283236946052,not_churn
1024,1462,0,0.7423119581787562,0.25768804182124355,not_churn
1025,3062,0,0.85599838351913,0.14400161648086984,not_churn
1026,4637,0,0.39951778215237854,0.6004822178476215,churn
1027,3749,1,0.18594233564469956,0.8140576643553002,churn
1028,2854,0,0.7088156044820139,0.29118439551798625,not_churn
1029,3598,1,0.48465425354029207,0.5153457464597078,churn
1030,61,0,0.968645269433929,0.03135473056607099,not_churn
1031,5311,0,0.7120909683189486,0.28790903168105136,not_churn
1032,1307,0,0.7840537113165453,0.21594628868345442,not_churn
1033,5598,0,0.9828287363379853,0.017171263662015098,not_churn
1034,1896,0,0.786276904383104,0.21372309561689554,not_churn
1035,6115,0,0.9900518075186214,0.009948192481378798,not_churn
1036,4702,1,0.5499688107848627,0.4500311892151372,not_churn
1037,6924,0,0.69628333850048,0.30371666149952004,not_churn
1038,1220,1,0.7387867732595808,0.2612132267404192,not_churn
1039,4656,0,0.5560113446279058,0.4439886553720942,not_churn
1040,4172,0,0.4467426923911546,0.5532573076088453,churn
1041,6744,0,0.8912622630828523,0.10873773691714722,not_churn
1042,3350,1,0.8499132892764041,0.15008671072359603,not_churn
1043,6247,0,0.9848096762910834,0.015190323708916566,not_churn
1044,522,0,0.980472417330078,0.019527582669922123,not_churn
1045,989,0,0.9414872320407423,0.05851276795925709,not_churn
1046,6711,0,0.8820142155769335,0.11798578442306668,not_churn
1047,2090,0,0.5621729557589676,0.4378270442410324,not_churn
1048,4751,1,0.1837173564690991,0.8162826435309009,churn
1049,1376,1,0.6319404121165694,0.36805958788343063,not_churn
1050,653,1,0.8864020225830278,0.11359797741697193,not_churn
1051,2188,0,0.7629629153508701,0.23703708464912976,not_churn
1052,4898,0,0.5565185008390836,0.44348149916091645,not_churn
1053,5479,0,0.22550221640336876,0.7744977835966312,churn
1054,178,0,0.9687012200071802,0.031298779992819784,not_churn
1055,4251,0,0.5600703491929623,0.4399296508070378,not_churn
1056,5232,1,0.20891480010291796,0.7910851998970818,churn
1057,4015,0,0.5522375042252221,0.4477624957747779,not_churn
1058,4616,0,0.31542103935670057,0.6845789606432995,churn
1059,6512,0,0.9853950839097504,0.014604916090249437,not_churn
1060,4513,0,0.3773545540759814,0.6226454459240186,churn
1061,2067,1,0.4930834853260557,0.5069165146739443,churn
1062,1007,0,0.9292220418836327,0.07077795811636711,not_churn
1063,4556,1,0.2709214987013112,0.729078501298689,churn
1064,5773,0,0.9873688825585962,0.012631117441403968,not_churn
1065,3168,0,0.7785642074408666,0.22143579255913357,not_churn
1066,4944,1,0.5454482607256049,0.454551739274395,not_churn
1067,6225,0,0.9806241376407167,0.01937586235928328,not_churn
1068,5270,1,0.6535983270122782,0.3464016729877216,not_churn
1069,204,0,0.9660258960772526,0.033974103922747585,not_churn
1070,967,0,0.9171066162259828,0.08289338377401709,not_churn
1071,2147,1,0.5539838742421354,0.44601612575786476,not_churn
1072,3051,1,0.6827102806358764,0.3172897193641239,not_churn
1073,1336,0,0.7200067091644238,0.279993290835576,not_churn
1074,3826,1,0.39269310240630134,0.6073068975936986,churn
1075,3016,1,0.7750217195012357,0.22497828049876467,not_churn
1076,2546,0,0.8455394012258957,0.15446059877410465,not_churn
1077,733,0,0.9029952170727207,0.09700478292727902,not_churn
1078,2476,0,0.9030637316541416,0.09693626834585847,not_churn
1079,1990,0,0.7780613873578861,0.22193861264211368,not_churn
1080,3747,0,0.510259621434909,0.489740378565091,not_churn
1081,6405,0,0.966873174033142,0.03312682596685781,not_churn
1082,3513,0,0.6406397457058336,0.3593602542941664,not_churn
1083,5703,0,0.9852617100233322,0.01473828997666819,not_churn
1084,6081,0,0.989303132096678,0.010696867903322598,not_churn
1085,4002,0,0.5659594244894461,0.43404057551055364,not_churn
1086,5859,0,0.9492153503080055,0.050784649691994616,not_churn
1087,3349,1,0.8128052748634935,0.18719472513650617,not_churn
1088,3535,1,0.6661861028491687,0.33381389715083115,not_churn
1089,4629,0,0.5069901670132222,0.493009832986778,not_churn
1090,998,0,0.8935746328214162,0.1064253671785833,not_churn
1091,1634,1,0.6300342555418494,0.36996574445815095,not_churn
1092,5559,0,0.9896701777474267,0.010329822252573655,not_churn
1093,469,0,0.9741155888880598,0.025884411111940127,not_churn
1094,2184,0,0.7006095778539978,0.29939042214600203,not_churn
1095,3396,0,0.7264839284758282,0.2735160715241718,not_churn
1096,1145,0,0.9298686512926124,0.0701313487073872,not_churn
1097,6586,0,0.8700997488709202,0.12990025112907977,not_churn
1098,1996,0,0.7377375517796232,0.262262448220377,not_churn
1099,511,0,0.9250393315334274,0.07496066846657222,not_churn
1100,2041,0,0.7158693442653525,0.2841306557346474,not_churn
1101,79,0,0.9716732490652419,0.02832675093475824,not_churn
1102,1978,0,0.6103756679382216,0.3896243320617783,not_churn
1103,2019,0,0.4990653911511614,0.5009346088488386,churn
1104,1486,1,0.4802639008450526,0.5197360991549475,churn
1105,5273,1,0.3036404996067146,0.6963595003932855,churn
1106,6284,0,0.9752033722371358,0.02479662776286424,not_churn
1107,3868,1,0.36797704926035135,0.6320229507396484,churn
1108,4705,1,0.35206987151659036,0.6479301284834097,churn
1109,1369,0,0.7906508956442839,0.20934910435571585,not_churn
1110,5830,0,0.9904376012405737,0.009562398759426346,not_churn
1111,1574,0,0.7625187877031248,0.23748121229687513,not_churn
1112,6285,0,0.9625200460042855,0.03747995399571465,not_churn
1113,5313,1,0.3460470981833728,0.653952901816627,churn
1114,1662,0,0.7048118704344871,0.2951881295655129,not_churn
1115,4624,0,0.5094828321911159,0.49051716780888405,not_churn
1116,2730,0,0.9037484023133168,0.09625159768668322,not_churn
1117,4342,0,0.6746903970614139,0.32530960293858596,not_churn
1118,895,0,0.9394798776306534,0.06052012236934616,not_churn
1119,3406,0,0.4622632296358494,0.5377367703641507,churn
1120,6866,0,0.8668030746610422,0.13319692533895777,not_churn
1121,523,0,0.954426210595209,0.04557378940479045,not_churn
1122,2093,0,0.559855751723787,0.44014424827621296,not_churn
1123,6244,0,0.9715542460963235,0.02844575390367637,not_churn
1124,280,0,0.9696722990472023,0.030327700952797434,not_churn
1125,5018,1,0.3118556514833813,0.6881443485166184,churn
1126,1206,0,0.6264153180925559,0.37358468190744426,not_churn
1127,584,0,0.9681439775358502,0.03185602246414967,not_churn
1128,5236,1,0.6040222418091471,0.3959777581908529,not_churn
1129,5411,0,0.31118355555256416,0.6888164444474354,churn
1130,4922,1,0.38470330543750103,0.615296694562499,churn
1131,2510,0,0.956501838280929,0.043498161719070866,not_churn
1132,4039,1,0.32232428777271677,0.6776757122272827,churn
1133,3050,0,0.8728672647744817,0.127132735225518,not_churn
1134,1783,0,0.5206772096888191,0.4793227903111809,not_churn
1135,1895,0,0.6444523570962786,0.35554764290372176,not_churn
1136,7034,0,0.9175946099295718,0.08240539007042806,not_churn
1137,6496,0,0.9715542460963235,0.02844575390367637,not_churn
1138,3846,0,0.5641599485938061,0.43584005140619375,not_churn
1139,3065,1,0.7106552303617977,0.2893447696382023,not_churn
1140,2711,0,0.8714272979393367,0.1285727020606633,not_churn
1141,4130,0,0.2700880201001261,0.7299119798998737,churn
1142,3029,1,0.8151144455200497,0.18488555447995036,not_churn
1143,6710,1,0.6991605613174514,0.30083943868254875,not_churn
1144,2483,1,0.8386733653855617,0.16132663461443833,not_churn
1145,1756,0,0.7316512974542655,0.26834870254573423,not_churn
1146,3122,0,0.8216603259928718,0.17833967400712797,not_churn
1147,6438,0,0.9727627993552669,0.027237200644733072,not_churn
1148,4794,1,0.33828405663398975,0.6617159433660101,churn
1149,2738,0,0.9299401637887786,0.07005983621122165,not_churn
1150,5571,0,0.9814851192248578,0.018514880775142455,not_churn
1151,2301,0,0.5120459684708553,0.48795403152914474,not_churn
1152,6460,0,0.9726066219810652,0.02739337801893463,not_churn
1153,6155,0,0.9231262552496874,0.0768737447503125,not_churn
1154,6370,0,0.9320986231257159,0.06790137687428432,not_churn
1155,6713,0,0.7253693014861022,0.2746306985138977,not_churn
1156,6896,1,0.8347401346118396,0.16525986538816054,not_churn
1157,2128,0,0.7929353510678522,0.20706464893214746,not_churn
1158,4697,1,0.5013281312115854,0.4986718687884146,not_churn
1159,2062,0,0.8208128213924759,0.17918717860752353,not_churn
1160,137,0,0.9622352569628291,0.03776474303717087,not_churn
1161,5409,0,0.6506731042999612,0.3493268957000386,not_churn
1162,6521,0,0.8630566446729172,0.1369433553270827,not_churn
1163,3839,0,0.6884611690641441,0.3115388309358557,not_churn
1164,279,0,0.9509304509607204,0.04906954903927947,not_churn
1165,4340,1,0.5477261539662497,0.45227384603375037,not_churn
1166,800,1,0.934962742966539,0.06503725703346092,not_churn
1167,4109,0,0.38811750639500536,0.6118824936049946,churn
1168,32,0,0.9633887560489421,0.03661124395105821,not_churn
1169,1768,0,0.6602397170015324,0.33976028299846767,not_churn
1170,400,0,0.9316553920624199,0.0683446079375804,not_churn
1171,6561,1,0.6172673159527623,0.3827326840472374,not_churn
1172,562,0,0.9740648525598888,0.025935147440111207,not_churn
1173,3633,0,0.6289110678328372,0.3710889321671626,not_churn
1174,4615,0,0.3841955124377561,0.6158044875622438,churn
1175,2587,0,0.9413213080759714,0.058678691924028886,not_churn
1176,4852,0,0.42387781152115245,0.5761221884788477,churn
1177,6330,0,0.9676682939502806,0.03233170604971911,not_churn
1178,3809,1,0.48576361249323396,0.514236387506766,churn
1179,4180,1,0.5035364850066835,0.4964635149933166,not_churn
1180,884,0,0.8945918151460546,0.1054081848539452,not_churn
1181,1665,1,0.5174864644411261,0.48251353555887405,not_churn
1182,6036,0,0.9791758344991248,0.020824165500875135,not_churn
1183,5910,0,0.9841283696097411,0.015871630390259194,not_churn
1184,2932,0,0.8633859609476237,0.13661403905237615,not_churn
1185,927,0,0.916285606068156,0.08371439393184396,not_churn
1186,6943,0,0.7598404521079758,0.24015954789202415,not_churn
1187,5408,1,0.41803847837415486,0.5819615216258454,churn
1188,5747,0,0.9866301686194439,0.013369831380556531,not_churn
1189,1227,0,0.6878128568403729,0.3121871431596274,not_churn
1190,2676,0,0.9304987167110315,0.06950128328896858,not_churn
1191,5706,0,0.9817123983097034,0.018287601690296938,not_churn
1192,1588,1,0.4923711022022344,0.5076288977977655,churn
1193,3653,1,0.5010577068314155,0.49894229316858457,not_churn
1194,1566,1,0.7187295212325637,0.28127047876743616,not_churn
1195,4700,0,0.41667947068687494,0.583320529313125,churn
1196,3003,0,0.7858266293856944,0.2141733706143058,not_churn
1197,825,1,0.9244469633316057,0.07555303666839416,not_churn
1198,2489,0,0.919815425880021,0.08018457411997887,not_churn
1199,4644,0,0.5116276470275216,0.48837235297247844,not_churn
1200,3018,0,0.8751264044256938,0.12487359557430613,not_churn
1201,450,0,0.9781430668565819,0.02185693314341782,not_churn
1202,5036,0,0.6050581467412385,0.3949418532587615,not_churn
1203,2096,1,0.49736776294906776,0.5026322370509323,churn
1204,4379,1,0.48106363244520733,0.5189363675547927,churn
1205,2145,0,0.4797253186869515,0.5202746813130484,churn
1206,504,0,0.9597936286442611,0.040206371355738825,not_churn
1207,6228,0,0.8712245951091311,0.12877540489086892,not_churn
1208,1729,0,0.7307130472191185,0.26928695278088116,not_churn
1209,1490,0,0.5752983689213395,0.42470163107866044,not_churn
1210,7014,0,0.8661947006948749,0.13380529930512527,not_churn
1211,1679,0,0.8333698348285844,0.16663016517141535,not_churn
1212,401,0,0.9578167480809874,0.04218325191901247,not_churn
1213,1854,1,0.5749264426525073,0.4250735573474928,not_churn
1214,16,0,0.9626705261252853,0.03732947387471462,not_churn
1215,3187,0,0.7533294559446712,0.24667054405532915,not_churn
1216,4793,0,0.3460717182398833,0.6539282817601163,churn
1217,2754,0,0.7371398932112655,0.26286010678873467,not_churn
1218,4427,0,0.6538288669182866,0.34617113308171354,not_churn
1219,1508,1,0.5562885804882834,0.4437114195117165,not_churn
1220,6938,0,0.6823414592361452,0.31765854076385475,not_churn
1221,4504,0,0.5277993416156841,0.47220065838431596,not_churn
1222,2759,0,0.8982153105424996,0.10178468945750038,not_churn
1223,3170,0,0.8379116506986137,0.1620883493013861,not_churn
1224,7031,0,0.7947210979868641,0.20527890201313567,not_churn
1225,6351,0,0.9698567556644353,0.03014324433556459,not_churn
1226,2582,0,0.9430686826082689,0.05693131739173081,not_churn
1227,4457,1,0.3882931241109155,0.6117068758890847,churn
1228,1931,0,0.79880999156174,0.20119000843825968,not_churn
1229,7005,1,0.6452836705745619,0.35471632942543807,not_churn
1230,4639,0,0.5282147152469027,0.47178528475309744,not_churn
1231,820,0,0.934715220780545,0.065284779219455,not_churn
1232,2412,1,0.8132428946039034,0.18675710539609633,not_churn
1233,3834,1,0.351885595201422,0.648114404798578,churn
1234,4235,1,0.577549884975868,0.422450115024132,not_churn
1235,6747,1,0.8843183982993915,0.11568160170060862,not_churn
1236,2235,1,0.5533029573259391,0.44669704267406085,not_churn
1237,4173,1,0.5073371095829949,0.4926628904170051,not_churn
1238,2350,0,0.8318716511168677,0.16812834888313205,not_churn
1239,5866,0,0.9803570986577226,0.019642901342277582,not_churn
1240,3988,1,0.5899272272017889,0.4100727727982109,not_churn
1241,4208,0,0.4155532607902993,0.5844467392097007,churn
1242,6105,0,0.9710901871137395,0.02890981288626085,not_churn
1243,4381,1,0.19775074963471678,0.802249250365283,churn
1244,6507,0,0.9634023915043051,0.03659760849569486,not_churn
1245,506,0,0.9594807002089961,0.04051929979100378,not_churn
1246,6931,0,0.8280907426216921,0.17190925737830753,not_churn
1247,5476,1,0.5448902406405476,0.45510975935945247,not_churn
1248,2380,0,0.5849115872980107,0.4150884127019892,not_churn
1249,2430,0,0.8448239958029976,0.15517600419700267,not_churn
1250,2275,0,0.4993859729998866,0.5006140270001136,churn
1251,5839,0,0.9879471705722962,0.01205282942770429,not_churn
1252,468,0,0.9709319668334218,0.029068033166578647,not_churn
1253,7017,0,0.8860192235810502,0.11398077641894963,not_churn
1254,5697,0,0.9772659269757508,0.022734073024249436,not_churn
1255,4277,0,0.5284884737463272,0.47151152625367265,not_churn
1256,924,0,0.9549161168914679,0.045083883108531904,not_churn
1257,1466,0,0.790599295258,0.2094007047419996,not_churn
1258,3336,0,0.7737717195012357,0.22622828049876467,not_churn
1259,6163,0,0.9840795603399396,0.015920439660060282,not_churn
1260,146,0,0.9758632800518776,0.024136719948122436,not_churn
1261,3348,0,0.8313176287968994,0.16868237120310048,not_churn
1262,3220,0,0.7267935754287457,0.2732064245712548,not_churn
1263,731,0,0.9096473115790725,0.09035268842092722,not_churn
1264,3827,1,0.654518546264923,0.34548145373507677,not_churn
1265,5244,0,0.3271583358149379,0.6728416641850617,churn
1266,3444,1,0.28130031235274794,0.7186996876472521,churn
1267,4965,0,0.49316995317968126,0.5068300468203187,churn
1268,572,0,0.945263742130005,0.05473625786999499,not_churn
1269,475,0,0.965506705177065,0.034493294822935096,not_churn
1270,5997,0,0.9659239856046505,0.03407601439534969,not_churn
1271,2713,0,0.9506579150058033,0.04934208499419694,not_churn
1272,442,0,0.9692383406446429,0.030761659355357275,not_churn
1273,626,0,0.9719219280775281,0.028078071922472015,not_churn
1274,4362,1,0.37702791362897037,0.6229720863710296,churn
1275,387,0,0.9694638846431105,0.03053611535688933,not_churn
1276,4283,1,0.31881631314426595,0.6811836868557338,churn
1277,1965,0,0.6867644105266845,0.31323558947331537,not_churn
1278,914,0,0.8953878123697827,0.10461218763021699,not_churn
1279,3552,1,0.35395878383741697,0.6460412161625829,churn
1280,5820,0,0.9817752774445908,0.01822472255540926,not_churn
1281,5857,0,0.9774063605848413,0.022593639415159007,not_churn
1282,2977,0,0.818123520963657,0.18187647903634285,not_churn
1283,1170,0,0.922924956471533,0.07707504352846678,not_churn
1284,2054,0,0.7243079317511187,0.27569206824888093,not_churn
1285,2833,0,0.9378122064845588,0.06218779351544145,not_churn
1286,5215,0,0.5649673506619749,0.435032649338025,not_churn
1287,4046,1,0.40260403096147684,0.5973959690385232,churn
1288,6773,1,0.6567756556283002,0.3432243443716996,not_churn
1289,456,0,0.9440960686716486,0.05590393132835156,not_churn
1290,1624,0,0.7550806421984457,0.2449193578015544,not_churn
1291,5222,0,0.3289653403068632,0.6710346596931366,churn
1292,6673,0,0.7851308481021316,0.21486915189786798,not_churn
1293,6919,0,0.7090839409453935,0.29091605905460644,not_churn
1294,459,1,0.9630778973331253,0.03692210266687482,not_churn
1295,6480,0,0.9264709217350535,0.07352907826494659,not_churn
1296,2698,0,0.8872722481877453,0.11272775181225482,not_churn
1297,4612,1,0.23122798890212232,0.7687720110978776,churn
1298,4142,0,0.5270627370253835,0.47293726297461647,not_churn
1299,6634,0,0.8541478759529574,0.1458521240470426,not_churn
1300,2527,0,0.9389191109572711,0.06108088904272869,not_churn
1301,3183,0,0.7017747828790027,0.2982252171209976,not_churn
1302,2324,0,0.6938344072983444,0.30616559270165555,not_churn
1303,6976,0,0.6241752520365724,0.37582474796342763,not_churn
1304,2304,0,0.7945817664440432,0.20541823355595645,not_churn
1305,2517,0,0.8645062913358369,0.13549370866416285,not_churn
1306,2900,0,0.8391055245067282,0.1608944754932718,not_churn
1307,741,0,0.924102247474641,0.07589775252535898,not_churn
1308,4366,1,0.5550253997112806,0.44497460028871944,not_churn
1309,4920,1,0.30701471856810686,0.692985281431893,churn
1310,6435,0,0.9736846028547967,0.026315397145203277,not_churn
1311,2946,0,0.9130024357785534,0.08699756422144649,not_churn
1312,2266,1,0.5379587234049249,0.46204127659507505,not_churn
1313,943,0,0.9055474165389705,0.094452583461029,not_churn
1314,462,0,0.9647516066690833,0.035248393330916686,not_churn
1315,6337,0,0.9396475822626063,0.06035241773739365,not_churn
1316,2358,1,0.6041364959993321,0.39586350400066794,not_churn
1317,2413,0,0.6823607879771658,0.317639212022834,not_churn
1318,4293,0,0.7058654762041304,0.29413452379586913,not_churn
1319,4957,1,0.36544184734261376,0.6345581526573862,churn
1320,5871,0,0.9887127581050865,0.011287241894913645,not_churn
1321,5629,0,0.9861828951740716,0.013817104825928926,not_churn
1322,4745,1,0.3175313645962531,0.6824686354037465,churn
1323,1834,0,0.812398877569013,0.18760112243098656,not_churn
1324,3314,0,0.8779126302155043,0.12208736978449541,not_churn
1325,4870,0,0.28611427164223313,0.713885728357767,churn
1326,5517,0,0.9868564401328824,0.013143559867117962,not_churn
1327,2004,0,0.8114217524629033,0.18857824753709637,not_churn
1328,5510,0,0.32836376456438804,0.6716362354356117,churn
1329,4686,0,0.4339781511021918,0.566021848897808,churn
1330,806,1,0.8518107538134595,0.14818924618654034,not_churn
1331,1643,0,0.7284841312165686,0.2715158687834313,not_churn
1332,446,0,0.9756110406892092,0.024388959310790728,not_churn
1333,1231,1,0.5237440930634532,0.47625590693654696,not_churn
1334,713,0,0.9023209287956573,0.09767907120434233,not_churn
1335,6452,0,0.9820035750587053,0.01799642494129442,not_churn
1336,402,0,0.9547303970013268,0.04526960299867336,not_churn
1337,3442,1,0.649513868582761,0.3504861314172389,not_churn
1338,4672,1,0.43526431007319905,0.564735689926801,churn
1339,1036,0,0.9397258910162978,0.060274108983702036,not_churn
1340,6026,0,0.9768499423646664,0.023150057635333555,not_churn
1341,6078,0,0.9897134798906515,0.010286520109348744,not_churn
1342,1817,1,0.5827507900028565,0.41724920999714366,not_churn
1343,5021,1,0.49384588410531605,0.5061541158946841,churn
1344,5767,0,0.9912067609314237,0.008793239068576585,not_churn
1345,5017,1,0.5805256968421589,0.41947430315784123,not_churn
1346,883,1,0.9162967720061104,0.0837032279938898,not_churn
1347,3081,0,0.8205496539054965,0.17945034609450325,not_churn
1348,1689,1,0.4766937822047809,0.523306217795219,churn
1349,4426,1,0.5577646216545705,0.44223537834542953,not_churn
1350,5827,0,0.9890005492269239,0.01099945077307626,not_churn
1351,2224,1,0.5655871325685937,0.4344128674314063,not_churn
1352,5864,0,0.9839493011249428,0.016050698875057383,not_churn
1353,1921,1,0.5010420133397253,0.4989579866602748,not_churn
1354,1538,0,0.7613908717868454,0.23860912821315414,not_churn
1355,561,0,0.9575897118350797,0.04241028816492011,not_churn
1356,2,0,0.9542267531584615,0.0457732468415386,not_churn
1357,5912,0,0.9871094201445934,0.012890579855406939,not_churn
1358,5971,0,0.9901225180414523,0.009877481958547958,not_churn
1359,3472,1,0.5347564114606258,0.46524358853937414,not_churn
1360,834,0,0.915662201551701,0.08433779844829893,not_churn
1361,4374,1,0.3058514022462231,0.694148597753777,churn
1362,1956,0,0.5415421371290975,0.4584578628709024,not_churn
1363,5296,0,0.38751068096913577,0.6124893190308641,churn
1364,3734,1,0.49782768694476137,0.5021723130552387,churn
1365,5904,0,0.9891321606361317,0.010867839363868512,not_churn
1366,6849,0,0.8647673903341621,0.1352326096658378,not_churn
1367,1337,0,0.6800294420711288,0.31997055792887147,not_churn
1368,1952,0,0.6697826891953644,0.3302173108046357,not_churn
1369,4327,1,0.4373757643985786,0.5626242356014215,churn
1370,5931,0,0.96863049720668,0.03136950279332036,not_churn
1371,4846,0,0.5925130680304567,0.4074869319695431,not_churn
1372,3668,1,0.3694390110445249,0.6305609889554747,churn
1373,2907,0,0.8747652760058517,0.12523472399414864,not_churn
1374,5203,0,0.5059330465765585,0.4940669534234415,not_churn
1375,4567,1,0.3568621828478826,0.6431378171521174,churn
1376,6236,0,0.9480588244053181,0.05194117559468199,not_churn
1377,3374,0,0.8298867360165293,0.1701132639834704,not_churn
1378,5861,0,0.9777864351616943,0.02221356483830582,not_churn
1379,770,0,0.9238056090075081,0.07619439099249163,not_churn
1380,34,0,0.9646496238615216,0.0353503761384783,not_churn
1381,2936,0,0.8492381001075876,0.15076189989241254,not_churn
1382,5078,1,0.5593340838241563,0.4406659161758435,not_churn
1383,3295,0,0.8466577337115889,0.1533422662884106,not_churn
1384,3390,1,0.33514820053601063,0.6648517994639888,churn
1385,135,0,0.9627034992296711,0.037296500770328964,not_churn
1386,3261,0,0.8259648608113501,0.1740351391886498,not_churn
1387,6616,0,0.8863256584004016,0.11367434159959851,not_churn
1388,6047,0,0.9868790077793443,0.013120992220656286,not_churn
1389,6802,1,0.7058271590801213,0.2941728409198785,not_churn
1390,1833,1,0.5784315553471466,0.42156844465285337,not_churn
1391,1217,0,0.7836368711439996,0.21636312885599973,not_churn
1392,4025,0,0.6940660157452939,0.3059339842547061,not_churn
1393,5196,1,0.3038242596328205,0.6961757403671794,churn
1394,338,0,0.9759340939366383,0.02406590606336177,not_churn
1395,4818,0,0.6453808551517324,0.3546191448482676,not_churn
1396,1582,0,0.5157871886538876,0.4842128113461123,not_churn
1397,1666,0,0.7649438529229902,0.2350561470770095,not_churn
1398,2877,0,0.8346509169359018,0.16534908306409804,not_churn
1399,5005,1,0.5060461057170758,0.49395389428292424,not_churn
1400,4856,0,0.6654205806813057,0.3345794193186942,not_churn
1401,6878,0,0.6833732248762981,0.31662677512370185,not_churn
1402,1524,1,0.5404065141489136,0.4595934858510865,not_churn
1403,3536,0,0.3392013797031565,0.6607986202968434,churn
1404,3927,1,0.6892048021224255,0.31079519787757426,not_churn
1405,263,0,0.9672007107370372,0.03279928926296304,not_churn
1406,3245,0,0.8598973189643495,0.14010268103565043,not_churn
